Workbook

Sheet geriatric_2024
A1: MVO code 241
A2: Stockholm
A3: Age_gr | B3: 60-64 | C3: 65-69 | D3: 70-74 | E3: 75-79 | F3: 80-84 | G3: 85-89 | H3: 90+ | I3: Total
A4: Nr_pat | B4: 508 | C4: 1442 | D4: 3081 | E4: 6231 | F4: 7795 | G4: 6988 | H4: 5992 | I4: 32037
A6: Riket
A7: Age_gr | B7: 60-64 | C7: 65-69 | D7: 70-74 | E7: 75-79 | F7: 80-84 | G7: 85-89 | H7: 90+ | I7: Total
A8: Nr_pat | B8: 913 | C8: 2275 | D8: 4573 | E8: 9124 | F8: 11317 | G8: 10602 | H8: 9370 | I8: 48174
A11: MVO codes 241 or 249
A12: Stockholm
A13: Age_gr | B13: 60-64 | C13: 65-69 | D13: 70-74 | E13: 75-79 | F13: 80-84 | G13: 85-89 | H13: 90+ | I13: Total
A14: Nr_pat | B14: 518 | C14: 1455 | D14: 3103 | E14: 6251 | F14: 7827 | G14: 7004 | H14: 6001 | I14: 32139
A16: Riket
A17: Age_gr | B17: 60-64 | C17: 65-69 | D17: 70-74 | E17: 75-79 | F17: 80-84 | G17: 85-89 | H17: 90+ | I17: Total
A18: Nr_pat | B18: 978 | C18: 2376 | D18: 4759 | E18: 9402 | F18: 11604 | G18: 10870 | H18: 9588 | I18: 49577
A19: Prop | B19: =B18/sweden_pop_2024!B4 -> 0.0016072784 | C19: =C18/sweden_pop_2024!C4 -> 0.0043325565 | D19: =D18/sweden_pop_2024!D4 -> 0.0093830159 | E19: =E18/sweden_pop_2024!E4 -> 0.018682823 | F19: =F18/sweden_pop_2024!F4 -> 0.032770311 | G19: =G18/sweden_pop_2024!G4 -> 0.057508055 | H19: =H18/sweden_pop_2024!H4 -> 0.091726619
A22: source: request to socialstyrelsen

Sheet sweden_pop_2024
A1: age group | B1: 60-64 | C1: 65-69 | D1: 70-74 | E1: 75-79 | F1: 80-84 | G1: 85-89 | H1: 90+
A2: No. Men | B2: 305892 | C2: 272422 | D2: 247285 | E2: 240376 | F2: 163923 | G2: 78659 | H2: 33403
A3: No. Women | B3: 302590 | C3: 275984 | D3: 259908 | E3: 262867 | F3: 190178 | G3: 110358 | H3: 71125
A4: No. People | B4: =SUM(B2+B3) -> 608482 | C4: =SUM(C2+C3) -> 548406 | D4: =SUM(D2+D3) -> 507193 | E4: =SUM(E2+E3) -> 503243 | F4: =SUM(F2+F3) -> 354101 | G4: =SUM(G2+G3) -> 189017 | H4: =SUM(H2+H3) -> 104528
A7: source: SCB

Sheet val_2024
A1: age group | B1: 60-64 | C1: 65-69 | D1: 70-74 | E1: 75-79 | F1: 80-84 | G1: 85-89 | H1: 90+
A2: No. Men | B2: 67788 | C2: 54706 | D2: 45255 | E2: 42538 | F2: 30001 | G2: 13663 | H2: 5844
A3: No. Women | B3: 67645 | C3: 55966 | D3: 49336 | E3: 50621 | F3: 36859 | G3: 19957 | H3: 13341
A4: No. People | B4: =SUM(B2:B3) -> 135433 | C4: =SUM(C2:C3) -> 110672 | D4: =SUM(D2:D3) -> 94591 | E4: =SUM(E2:E3) -> 93159 | F4: =SUM(F2:F3) -> 66860 | G4: =SUM(G2:G3) -> 33620 | H4: =SUM(H2:H3) -> 19185
A5: No. People using geriatric inpatient care | B5: 645 | C5: 1608 | D5: 3297 | E5: 6588 | F5: 8161 | G5: 7193 | H5: 6200
A6: Prop. People using geriatric inpatient care | B6: =B5/B4 -> 0.0047625025 | C6: =C5/C4 -> 0.01452942 | D6: =D5/D4 -> 0.034855325 | E6: =E5/E4 -> 0.070717805 | F6: =F5/F4 -> 0.12206102 | G6: =G5/G4 -> 0.21395003 | H6: =H5/H4 -> 0.32316914
A10: source: multisjukdom databas

Sheet sweden_pop_2026
A1: age group | B1: 60-64 | C1: 65-69 | D1: 70-74 | E1: 75-79 | F1: 80-84 | G1: 85-89 | H1: 90+
A2: No. People | B2: 653231 | C2: 555433 | D2: 516276 | E2: 494876 | F2: 418928 | G2: 221907 | H2: 133492
A5: source: SCB

Sheet summary
A1: Age | B1: 60-64 | C1: 65-69 | D1: 70-74 | E1: 75-79 | F1: 80-84 | G1: 85-89 | H1: 90+
A2: Number of inhabitants in Sweden in 2026 | B2: 653231 | C2: 555433 | D2: 516276 | E2: 494876 | F2: 418928 | G2: 221907 | H2: 133492
A3: Proportion of age groups among inhabitants in Sweden in 2026 | B3: =B2/SUM($B$2:$H$2) -> 0.21816961 | C3: =C2/SUM($B$2:$H$2) -> 0.1855065 | D3: =D2/SUM($B$2:$H$2) -> 0.17242864 | E3: =E2/SUM($B$2:$H$2) -> 0.16528135 | F3: =F2/SUM($B$2:$H$2) -> 0.13991583 | G3: =G2/SUM($B$2:$H$2) -> 0.074113695 | H3: =H2/SUM($B$2:$H$2) -> 0.044584377
A4: Proportion of people admitted to geriatric inpatient care in Sweden in 2024 | B4: 0.0016 | C4: 0.0043 | D4: 0.0094 | E4: 0.0187 | F4: 0.0328 | G4: 0.0575 | H4: 0.0917
A5: Prevalence of at risk of malnutrition in healthy population | B5: 0.233 | C5: 0.233 | D5: 0.233 | E5: 0.348 | F5: 0.348 | G5: 0.348 | H5: 0.348
A6: Prevalence of being malnourished in healthy population | B6: 0.008 | C6: 0.008 | D6: 0.008 | E6: 0.067 | F6: 0.067 | G6: 0.067 | H6: 0.067
A7: Prevalence of at risk of malnutrition in in-patient geriatric patients | B7: 0.55 | C7: 0.55 | D7: 0.532 | E7: 0.532 | F7: 0.549 | G7: 0.549 | H7: 0.549
A8: Prevalence of being malnourished in in-patient geriatric patients | B8: 0.224 | C8: 0.224 | D8: 0.235 | E8: 0.235 | F8: 0.257 | G8: 0.257 | H8: 0.257
A9: Overall proportion of at risk of malnutrition | B9: =(1-B4)*B5+B4*B7 -> 0.2335072 | C9: =(1-C4)*C5+C4*C7 -> 0.2343631 | D9: =(1-D4)*D5+D4*D7 -> 0.2358106 | E9: =(1-E4)*E5+E4*E7 -> 0.3514408 | F9: =(1-F4)*F5+F4*F7 -> 0.3545928 | G9: =(1-G4)*G5+G4*G7 -> 0.3595575 | H9: =(1-H4)*H5+H4*H7 -> 0.3664317
A10: Overall proportion of malnourished | B10: =(1-B4)*B6+B4*B8 -> 0.0083456 | C10: =(1-C4)*C6+C4*C8 -> 0.0089288 | D10: =(1-D4)*D6+D4*D8 -> 0.0101338 | E10: =(1-E4)*E6+E4*E8 -> 0.0701416 | F10: =(1-F4)*F6+F4*F8 -> 0.073232 | G10: =(1-G4)*G6+G4*G8 -> 0.077925 | H10: =(1-H4)*H6+H4*H8 -> 0.084423
A11: Overall proportion of no malnutrition | B11: =1-SUM(B9:B10) -> 0.7581472 | C11: =1-SUM(C9:C10) -> 0.7567081 | D11: =1-SUM(D9:D10) -> 0.7540556 | E11: =1-SUM(E9:E10) -> 0.5784176 | F11: =1-SUM(F9:F10) -> 0.5721752 | G11: =1-SUM(G9:G10) -> 0.5625175 | H11: =1-SUM(H9:H10) -> 0.5491453
